{
  "__version__": "1.0.3",
  "builder": {},
  "gizmos-infos": {
    "is2D": false,
    "is3DIcon": false,
    "iconSize": 2,
    "gridVisible": true,
    "originAxis2D": {
      "x_visible": true,
      "y_visible": true,
      "z_visible": false
    },
    "originAxis3D": {
      "x_visible": true,
      "y_visible": false,
      "z_visible": true
    },
    "gridColor": [
      166,
      166,
      166,
      255
    ],
    "transformToolName": "position",
    "pivot": "pivot",
    "coordinate": "local",
    "toolsVisibility3d": true
  },
  "snap-configs": {
    "position": {
      "x": 1,
      "y": 1,
      "z": 1
    },
    "rotation": 1,
    "scale": 1,
    "isPositionSnapEnabled": false,
    "isRotationSnapEnabled": false,
    "isScaleSnapEnabled": false
  },
  "rect-snap-configs": {
    "enableSnapping": true,
    "snapThreshold": 4
  },
  "camera-infos": {
    "f88c4a8f-7fa6-4012-8767-49e1da6f7ec8": {
      "position": {
        "x": 31.605239440207185,
        "y": 31.60523944020718,
        "z": 31.60523944020717
      },
      "rotation": {
        "x": -0.27984814233312133,
        "y": 0.3647051996310009,
        "z": 0.11591689595929512,
        "w": 0.8804762392171493
      },
      "viewCenter": {
        "x": 0,
        "y": 0,
        "z": 0
      },
      "contentRect": {
        "x": 0,
        "y": 0,
        "width": 929,
        "height": 454
      },
      "scale": 1
    },
    "f046055b-f35e-4fe9-9686-639f1f63612d": {
      "position": {
        "x": 5056.8383107904965,
        "y": 5056.838310790496,
        "z": 5056.838310790495
      },
      "rotation": {
        "x": -0.27984814233312133,
        "y": 0.3647051996310009,
        "z": 0.11591689595929512,
        "w": 0.8804762392171493
      },
      "viewCenter": {
        "x": 0,
        "y": 0,
        "z": 0
      },
      "contentRect": {
        "x": 0,
        "y": 0,
        "width": 929,
        "height": 552
      },
      "scale": 1
    },
    "79b08495-483a-4fb1-afc1-aafb2c334618": {
      "position": {
        "x": 5056.838310335008,
        "y": 5056.838310335007,
        "z": 5056.838310335006
      },
      "rotation": {
        "x": -0.27984814233312133,
        "y": 0.3647051996310009,
        "z": 0.11591689595929512,
        "w": 0.8804762392171493
      },
      "viewCenter": {
        "x": 0,
        "y": 0,
        "z": 0
      },
      "contentRect": {
        "x": 0,
        "y": 0,
        "width": 929,
        "height": 552
      },
      "scale": 1
    },
    "f56e603c-9249-491d-a5b2-64ba256ef1c1": {
      "position": {
        "x": 5056.838310226939,
        "y": 5056.838310226937,
        "z": 5056.838310226936
      },
      "rotation": {
        "x": -0.27984814233312133,
        "y": 0.3647051996310009,
        "z": 0.11591689595929512,
        "w": 0.8804762392171493
      },
      "viewCenter": {
        "x": 0,
        "y": 0,
        "z": 0
      },
      "contentRect": {
        "x": 0,
        "y": 0,
        "width": 929,
        "height": 552
      },
      "scale": 1
    },
    "55483113-cccf-4372-9063-6270ea54cd0d": {
      "position": {
        "x": 5056.838310226939,
        "y": 5056.838310226937,
        "z": 5056.838310226936
      },
      "rotation": {
        "x": -0.27984814233312133,
        "y": 0.3647051996310009,
        "z": 0.11591689595929512,
        "w": 0.8804762392171493
      },
      "viewCenter": {
        "x": 0,
        "y": 0,
        "z": 0
      },
      "contentRect": {
        "x": 0,
        "y": 0,
        "width": 929,
        "height": 552
      },
      "scale": 1
    },
    "ca50347e-32f4-44f8-af52-0bfbae65b6a2": {
      "position": {
        "x": 5056.838310226939,
        "y": 5056.838310226937,
        "z": 5056.838310226936
      },
      "rotation": {
        "x": -0.27984814233312133,
        "y": 0.3647051996310009,
        "z": 0.11591689595929512,
        "w": 0.8804762392171493
      },
      "viewCenter": {
        "x": 0,
        "y": 0,
        "z": 0
      },
      "contentRect": {
        "x": 0,
        "y": 0,
        "width": 929,
        "height": 552
      },
      "scale": 1
    },
    "15f42ca0-29ab-4150-b1e5-65b26e9bcd33": {
      "position": {
        "x": 68.47801878432347,
        "y": 68.47801878432347,
        "z": 68.47801878432347
      },
      "rotation": {
        "x": -0.27984814233312133,
        "y": 0.3647051996310009,
        "z": 0.11591689595929512,
        "w": 0.8804762392171493
      },
      "viewCenter": {
        "x": 0,
        "y": 0,
        "z": 0
      },
      "contentRect": {
        "x": 0,
        "y": 0,
        "width": 929,
        "height": 552
      },
      "scale": 1
    },
    "fd74b62c-92ab-4fab-8b9a-776cca3e19d3": {
      "position": {
        "x": 31.605239442428335,
        "y": 31.605239442428328,
        "z": 31.605239442428328
      },
      "rotation": {
        "x": -0.27984814233312133,
        "y": 0.3647051996310009,
        "z": 0.11591689595929512,
        "w": 0.8804762392171493
      },
      "viewCenter": {
        "x": 0,
        "y": 0,
        "z": 0
      },
      "contentRect": {
        "x": 0,
        "y": 0,
        "width": 929,
        "height": 552
      },
      "scale": 1
    },
    "8ef09714-1949-452b-a403-2d5d9089bbd3": {
      "position": {
        "x": 5056.838310792458,
        "y": 5056.838310792457,
        "z": 5056.8383107924565
      },
      "rotation": {
        "x": -0.27984814233312133,
        "y": 0.3647051996310009,
        "z": 0.11591689595929512,
        "w": 0.8804762392171493
      },
      "viewCenter": {
        "x": 0,
        "y": 0,
        "z": 0
      },
      "contentRect": {
        "x": 0,
        "y": 0,
        "width": 929,
        "height": 552
      },
      "scale": 1
    },
    "afcbf787-8936-452b-9aa6-982ad0581ad2": {
      "position": {
        "x": 63.210478879187576,
        "y": 63.210478879187576,
        "z": 63.210478879187576
      },
      "rotation": {
        "x": -0.27984814233312133,
        "y": 0.3647051996310009,
        "z": 0.11591689595929512,
        "w": 0.8804762392171493
      },
      "viewCenter": {
        "x": 0,
        "y": 0,
        "z": 0
      },
      "contentRect": {
        "x": 0,
        "y": 0,
        "width": 929,
        "height": 552
      },
      "scale": 1
    },
    "cd335948-32b3-4c0a-8da0-bd22272dbe23": {
      "position": {
        "x": 52.67539906697108,
        "y": 52.67539906697107,
        "z": 52.67539906697106
      },
      "rotation": {
        "x": -0.27984814233312133,
        "y": 0.3647051996310009,
        "z": 0.11591689595929512,
        "w": 0.8804762392171493
      },
      "viewCenter": {
        "x": 0,
        "y": 0,
        "z": 0
      },
      "contentRect": {
        "x": 0,
        "y": 0,
        "width": 929,
        "height": 552
      },
      "scale": 1
    },
    "a05c2f96-ecba-4c3c-8e89-a80ae3075afd": {
      "position": {
        "x": 52.675399070713915,
        "y": 52.6753990707139,
        "z": 52.675399070713894
      },
      "rotation": {
        "x": -0.27984814233312133,
        "y": 0.3647051996310009,
        "z": 0.11591689595929512,
        "w": 0.8804762392171493
      },
      "viewCenter": {
        "x": 0,
        "y": 0,
        "z": 0
      },
      "contentRect": {
        "x": 0,
        "y": 0,
        "width": 929,
        "height": 552
      },
      "scale": 1
    },
    "09e162ae-63ed-4006-ab35-da0c2b45c658": {
      "position": {
        "x": 31.605239440182643,
        "y": 31.60523944018264,
        "z": 31.605239440182633
      },
      "rotation": {
        "x": -0.27984814233312133,
        "y": 0.3647051996310009,
        "z": 0.11591689595929512,
        "w": 0.8804762392171493
      },
      "viewCenter": {
        "x": 0,
        "y": 0,
        "z": 0
      },
      "contentRect": {
        "x": 0,
        "y": 0,
        "width": 929,
        "height": 552
      },
      "scale": 1
    },