{
  "__version__": "1.0.0",
  "builder": {},
  "gizmos-infos": {
    "is2D": true,
    "is3DIcon": false,
    "iconSize": 2,
    "gridVisible": true,
    "gridColor": [
      166,
      166,
      166,
      255
    ],
    "transformToolName": "position",
    "pivot": "pivot",
    "coordinate": "local",
    "toolsVisibility3d": true
  },
  "snap-configs": {
    "position": {
      "x": 1,
      "y": 1,
      "z": 1
    },
    "rotation": 1,
    "scale": 1,
    "isPositionSnapEnabled": false,
    "isRotationSnapEnabled": false,
    "isScaleSnapEnabled": false
  },
  "rect-snap-configs": {
    "enableSnapping": true,
    "snapThreshold": 4
  },
  "camera-infos": {
    "f46876e4-e81b-4931-b493-6d367be385e7": {
      "position": {
        "x": 15.97859543966969,
        "y": 15.97859543966969,
        "z": 15.978595439669682
      },
      "rotation": {
        "x": -0.27984814233312133,
        "y": 0.3647051996310009,
        "z": 0.11591689595929512,
        "w": 0.8804762392171493
      },
      "viewCenter": {
        "x": 0,
        "y": 0,
        "z": 0
      },
      "contentRect": {
        "x": 0,
        "y": 0,
        "width": 1320,
        "height": 898
      },
      "scale": 1
    },
    "fdec09af-7157-4c75-a98d-a0ad4d4a61cc": {
      "position": {
        "x": 596.343718737895,
        "y": 417.72343385275445,
        "z": 5000
      },
      "rotation": {
        "x": 0,
        "y": 0,
        "z": 0,
        "w": 1
      },
      "viewCenter": {
        "x": 0,
        "y": 0,
        "z": 0
      },
      "contentRect": {
        "x": -687.5608118463222,
        "y": -455.72070892347807,
        "width": 1320,
        "height": 898
      },
      "scale": 0.5140569133280332
    },
    "94563d32-4bc1-4752-90f4-7e5f3bc055af": {
      "position": {
        "x": 640,
        "y": 360,
        "z": 5000
      },
      "rotation": {
        "x": 0,
        "y": 0,
        "z": 0,
        "w": 1
      },
      "viewCenter": {
        "x": 0,
        "y": 0,
        "z": 0
      },
      "contentRect": {
        "x": -274.2857142857143,
        "y": -261.991341991342,
        "width": 924,
        "height": 519.75
      },
      "scale": 0.721875
    },
    "9368c17e-afe9-4b25-8c93-e1617fb53fdf": {
      "position": {
        "x": 0,
        "y": 0,
        "z": 5000
      },
      "rotation": {
        "x": 0,
        "y": 0,
        "z": 0,
        "w": 1
      },
      "viewCenter": {
        "x": 0,
        "y": 0,
        "z": 0
      },
      "contentRect": {
        "x": -462,
        "y": -314.3,
        "width": 0,
        "height": 0
      },
      "scale": 1
    },
    "1afb771c-ba78-40fc-86fe-3df524b939e2": {
      "position": {
        "x": 640,
        "y": 360,
        "z": 5000
      },
      "rotation": {
        "x": 0,
        "y": 0,
        "z": 0,
        "w": 1
      },
      "viewCenter": {
        "x": 0,
        "y": 0,
        "z": 0
      },
      "contentRect": {
        "x": 0,
        "y": 0,
        "width": 924,
        "height": 519.75
      },
      "scale": 0.721875
    },
    "0b0b0ac8-63ee-47ea-963d-3b6cbc5480e7": {
      "position": {
        "x": 640,
        "y": 360,
        "z": 5000
      },
      "rotation": {
        "x": 0,
        "y": 0,
        "z": 0,
        "w": 1
      },
      "viewCenter": {
        "x": 0,
        "y": 0,
        "z": 0
      },
      "contentRect": {
        "x": 0,
        "y": 0,
        "width": 924,
        "height": 519.75
      },
      "scale": 0.721875
    },
    "7820fe97-f5e5-41f0-871b-5b5da7cb6da0": {
      "position": {
        "x": 640,
        "y": 360,
        "z": 5000
      },
      "rotation": {
        "x": 0,
        "y": 0,
        "z": 0,
        "w": 1
      },
      "viewCenter": {
        "x": 0,
        "y": 0,
        "z": 0
      },
      "contentRect": {
        "x": 0,
        "y": 0,
        "width": 924,
        "height": 519.75
      },
      "scale": 0.721875
    },
    "527ea84c-fd44-4119-b27f-afd2dce815b9": {
      "position": {
        "x": 616.3904825858724,
        "y": 260.4930985456439,
        "z": 5000
      },
      "rotation": {
        "x": 0,
        "y": 0,
        "z": 0,
        "w": 1
      },
      "viewCenter": {
        "x": 0,
        "y": 0,
        "z": 0
      },
      "contentRect": {
        "x": 74.47348267385485,
        "y": -44.335213904865924,
        "width": 924,
        "height": 519.75
      },
      "scale": 0.8525290774694421
    }
  },
  "camera-uuids": [
    "f46876e4-e81b-4931-b493-6d367be385e7",
    "fdec09af-7157-4c75-a98d-a0ad4d4a61cc",
    "94563d32-4bc1-4752-90f4-7e5f3bc055af",
    "9368c17e-afe9-4b25-8c93-e1617fb53fdf",
    "1afb771c-ba78-40fc-86fe-3df524b939e2",
    "0b0b0ac8-63ee-47ea-963d-3b6cbc5480e7",
    "7820fe97-f5e5-41f0-871b-5b5da7cb6da0",
    "527ea84c-fd44-4119-b27f-afd2dce815b9"
  ],
  "camera": {
    "color": [
      48,
      48,
      48,
      255
    ],
    "fov": 45,
    "far": 10000,
    "near": 0.01,
    "wheelSpeed": 0.01,
    "wanderSpeed": 10,
    "enableAcceleration": true,
    "size": "__default_design__",
    "far2D": 10000,
    "near2D": 1,
    "wheelSpeed2D": 6,
    "iso": 0,
    "aperture": 19,
    "shutter": 7
  },
  "float-window": {
    "position": {
      "cc": {
        "Camera": {
          "dock": false,
          "top": null,
          "bottom": 10,
          "left": null,
          "right": 10
        }
      }
    }
  }
}
