{
  "__version__": "1.0.3",
  "builder": {},
  "gizmos-infos": {
    "is2D": true,
    "is3DIcon": false,
    "iconSize": 2,
    "gridVisible": true,
    "originAxis2D": {
      "x_visible": true,
      "y_visible": true,
      "z_visible": false
    },
    "originAxis3D": {
      "x_visible": true,
      "y_visible": false,
      "z_visible": true
    },
    "gridColor": [
      166,
      166,
      166,
      255
    ],
    "transformToolName": "position",
    "pivot": "pivot",
    "coordinate": "local",
    "toolsVisibility3d": true
  },
  "snap-configs": {
    "position": {
      "x": 1,
      "y": 1,
      "z": 1
    },
    "rotation": 1,
    "scale": 1,
    "isPositionSnapEnabled": false,
    "isRotationSnapEnabled": false,
    "isScaleSnapEnabled": false
  },
  "rect-snap-configs": {
    "enableSnapping": true,
    "snapThreshold": 4
  },
  "camera-infos": {
    "f46876e4-e81b-4931-b493-6d367be385e7": {
      "position": {
        "x": 15.97859543966969,
        "y": 15.97859543966969,
        "z": 15.978595439669682
      },
      "rotation": {
        "x": -0.27984814233312133,
        "y": 0.3647051996310009,
        "z": 0.11591689595929512,
        "w": 0.8804762392171493
      },
      "viewCenter": {
        "x": 0,
        "y": 0,
        "z": 0
      },
      "contentRect": {
        "x": 0,
        "y": 0,
        "width": 1320,
        "height": 898
      },
      "scale": 1
    },
    "fdec09af-7157-4c75-a98d-a0ad4d4a61cc": {
      "position": {
        "x": 596.343718737895,
        "y": 417.72343385275445,
        "z": 5000
      },
      "rotation": {
        "x": 0,
        "y": 0,
        "z": 0,
        "w": 1
      },
      "viewCenter": {
        "x": 0,
        "y": 0,
        "z": 0
      },
      "contentRect": {
        "x": -687.5608118463222,
        "y": -455.72070892347807,
        "width": 1320,
        "height": 898
      },
      "scale": 0.5140569133280332
    },
    "94563d32-4bc1-4752-90f4-7e5f3bc055af": {
      "position": {
        "x": 640,
        "y": 360,
        "z": 5000
      },
      "rotation": {
        "x": 0,
        "y": 0,
        "z": 0,
        "w": 1
      },
      "viewCenter": {
        "x": 0,
        "y": 0,
        "z": 0
      },
      "contentRect": {
        "x": -274.2857142857143,
        "y": -261.991341991342,
        "width": 924,
        "height": 519.75
      },
      "scale": 0.721875
    },
    "9368c17e-afe9-4b25-8c93-e1617fb53fdf": {
      "position": {
        "x": 0,
        "y": 0,
        "z": 5000
      },
      "rotation": {
        "x": 0,
        "y": 0,
        "z": 0,
        "w": 1
      },
      "viewCenter": {
        "x": 0,
        "y": 0,
        "z": 0
      },
      "contentRect": {
        "x": -462,
        "y": -314.3,
        "width": 0,
        "height": 0
      },
      "scale": 1
    },
    "126f04f0-ed91-484f-8b6a-871fa0c62e93": {
      "position": {
        "x": 0,
        "y": 0,
        "z": 5000
      },
      "rotation": {
        "x": 0,
        "y": 0,
        "z": 0,
        "w": 1
      },
      "viewCenter": {
        "x": 0,
        "y": 0,
        "z": 0
      },
      "contentRect": {
        "x": -464.5,
        "y": -285,
        "width": 929,
        "height": 570
      },
      "scale": 1
    },
    "53cc0fd5-768c-49cf-8d58-882a86172403": {
      "position": {
        "x": 0,
        "y": 0,
        "z": 5000
      },
      "rotation": {
        "x": 0,
        "y": 0,
        "z": 0,
        "w": 1
      },
      "viewCenter": {
        "x": 0,
        "y": 0,
        "z": 0
      },
      "contentRect": {
        "x": -464.5,
        "y": -285,
        "width": 929,
        "height": 570
      },
      "scale": 1
    },
    "a68b5ae7-a1b5-4afe-98e9-25ef8d41e13f": {
      "position": {
        "x": 0,
        "y": 0,
        "z": 5000
      },
      "rotation": {
        "x": 0,
        "y": 0,
        "z": 0,
        "w": 1
      },
      "viewCenter": {
        "x": 0,
        "y": 0,
        "z": 0
      },
      "contentRect": {
        "x": 0,
        "y": 0,
        "width": 0,
        "height": 0
      },
      "scale": 1
    },
    "01eb2b64-7128-41ea-b02d-6d9f3ba4c5c3": {
      "position": {
        "x": 0,
        "y": 0,
        "z": 5000
      },
      "rotation": {
        "x": 0,
        "y": 0,
        "z": 0,
        "w": 1
      },
      "viewCenter": {
        "x": 0,
        "y": 0,
        "z": 0
      },
      "contentRect": {
        "x": -464.5,
        "y": -285,
        "width": 929,
        "height": 454
      },
      "scale": 1
    },
    "49d352ab-f488-41ce-bc89-2d0747a73415": {
      "position": {
        "x": 0,
        "y": 0,
        "z": 5000
      },
      "rotation": {
        "x": 0,
        "y": 0,
        "z": 0,
        "w": 1
      },
      "viewCenter": {
        "x": 0,
        "y": 0,
        "z": 0
      },
      "contentRect": {
        "x": 0,
        "y": 0,
        "width": 929,
        "height": 454
      },
      "scale": 1
    },
    "496ce548-55dd-4786-972f-b3a39173d419": {
      "position": {
        "x": 0,
        "y": 0,
        "z": 5000
      },
      "rotation": {
        "x": 0,
        "y": 0,
        "z": 0,
        "w": 1
      },
      "viewCenter": {
        "x": 0,
        "y": 0,
        "z": 0
      },
      "contentRect": {
        "x": 0,
        "y": 0,
        "width": 0,
        "height": 0
      },
      "scale": 1
    },
    "7820fe97-f5e5-41f0-871b-5b5da7cb6da0": {
      "position": {
        "x": 668.2192961068893,
        "y": 427.1547806087998,
        "z": 5000
      },
      "rotation": {
        "x": 0,
        "y": 0,
        "z": 0,
        "w": 1
      },
      "viewCenter": {
        "x": 0,
        "y": 0,
        "z": 0
      },
      "contentRect": {
        "x": -307.0885413221393,
        "y": -49.475744894729736,
        "width": 929,
        "height": 454
      },
      "scale": 0.47625988654459145
    },
    "527ea84c-fd44-4119-b27f-afd2dce815b9": {
      "position": {
        "x": 705.3257939747418,
        "y": 443.55514334395946,
        "z": 5000
      },
      "rotation": {
        "x": 0,
        "y": 0,
        "z": 0,
        "w": 1
      },
      "viewCenter": {
        "x": 0,
        "y": 0,
        "z": 0
      },
      "contentRect": {
        "x": -269.98204345428684,
        "y": -33.07538215957014,
        "width": 929,
        "height": 454
      },
      "scale": 0.4762598865445914
    },
    "0b0b0ac8-63ee-47ea-963d-3b6cbc5480e7": {
      "position": {
        "x": 570.8082367326953,
        "y": 383.5432190070492,
        "z": 5000
      },
      "rotation": {
        "x": 0,
        "y": 0,
        "z": 0,
        "w": 1
      },
      "viewCenter": {
        "x": 0,
        "y": 0,
        "z": 0
      },
      "contentRect": {
        "x": -404.49960069633335,
        "y": -93.08730649648041,
        "width": 929,
        "height": 454
      },
      "scale": 0.47625988654459145
    },
    "1afb771c-ba78-40fc-86fe-3df524b939e2": {
      "position": {
        "x": 643.4632034632034,
        "y": 314.45887445887445,
        "z": 5000
      },
      "rotation": {
        "x": 0,
        "y": 0,
        "z": 0,
        "w": 1
      },
      "viewCenter": {
        "x": 0,
        "y": 0,
        "z": 0
      },
      "contentRect": {
        "x": 0,
        "y": 0,
        "width": 929,
        "height": 454
      },
      "scale": 0.721875
    }
  },