{
  "__version__": "1.0.2",
  "builder": {},
  "gizmos-infos": {
    "is2D": true,
    "is3DIcon": false,
    "iconSize": 2,
    "gridVisible": true,
    "gridColor": [
      166,
      166,
      166,
      255
    ],
    "transformToolName": "position",
    "pivot": "pivot",
    "coordinate": "local",
    "toolsVisibility3d": true
  },
  "snap-configs": {
    "position": {
      "x": 1,
      "y": 1,
      "z": 1
    },
    "rotation": 1,
    "scale": 1,
    "isPositionSnapEnabled": false,
    "isRotationSnapEnabled": false,
    "isScaleSnapEnabled": false
  },
  "rect-snap-configs": {
    "enableSnapping": true,
    "snapThreshold": 4
  },
  "float-window": {
    "position": {
      "cc": {
        "Camera": {
          "dock": false,
          "top": null,
          "bottom": 10,
          "left": null,
          "right": 10
        }
      }
    }
  },
  "camera-infos": {
    "e301521f-be04-4cf3-b0d0-934e3987391b": {
      "position": {
        "x": 15.97859543966969,
        "y": 15.97859543966969,
        "z": 15.978595439669682
      },
      "rotation": {
        "x": -0.27984814233312133,
        "y": 0.3647051996310009,
        "z": 0.11591689595929512,
        "w": 0.8804762392171493
      },
      "viewCenter": {
        "x": 0,
        "y": 0,
        "z": 0
      },
      "contentRect": {
        "x": 0,
        "y": 0,
        "width": 1320,
        "height": 898
      },
      "scale": 1
    },
    "f2e080c0-be6d-4f81-ac99-ad3fdd51bf6d": {
      "position": {
        "x": 906.5909348212281,
        "y": 431.5811574363132,
        "z": 5000
      },
      "rotation": {
        "x": 0,
        "y": 0,
        "z": 0,
        "w": 1
      },
      "viewCenter": {
        "x": 0,
        "y": 0,
        "z": 0
      },
      "contentRect": {
        "x": -869.1186592494332,
        "y": -776.4394603481215,
        "width": 1320,
        "height": 898
      },
      "scale": 0.3716823979573185
    },
    "2d476d8f-9723-40c9-972e-d965666a81a9": {
      "position": {
        "x": 576.9768346747119,
        "y": 684.0799277234629,
        "z": 5000
      },
      "rotation": {
        "x": 0,
        "y": 0,
        "z": 0,
        "w": 1
      },
      "viewCenter": {
        "x": 0,
        "y": 0,
        "z": 0
      },
      "contentRect": {
        "x": -1213.7408775562153,
        "y": -534.1507583245467,
        "width": 1320,
        "height": 898
      },
      "scale": 0.36856730432277524
    }
  },
  "camera-uuids": [
    "e301521f-be04-4cf3-b0d0-934e3987391b",
    "f2e080c0-be6d-4f81-ac99-ad3fdd51bf6d",
    "2d476d8f-9723-40c9-972e-d965666a81a9"
  ],
  "camera": {
    "color": [
      48,
      48,
      48,
      255
    ],
    "fov": 45,
    "far": 10000,
    "near": 0.01,
    "wheelSpeed": 0.01,
    "wanderSpeed": 10,
    "enableAcceleration": true,
    "size": "__default_design__",
    "far2D": 10000,
    "near2D": 1,
    "wheelSpeed2D": 6,
    "iso": 0,
    "aperture": 19,
    "shutter": 7
  }
}
